{"v":"5.7.13","fr":25,"ip":0,"op":68,"w":575,"h":140,"nm":"Comp 1","ddd":0,"assets":[],"layers":[{"ddd":0,"ind":1,"ty":4,"nm":"Capa 3/lineas 1 contornos","sr":1,"ks":{"o":{"a":1,"k":[{"i":{"x":[0.833],"y":[0.833]},"o":{"x":[0.167],"y":[0.167]},"t":0,"s":[0]},{"t":48,"s":[100]}],"ix":11},"r":{"a":0,"k":0,"ix":10},"p":{"a":1,"k":[{"i":{"x":0.833,"y":0.833},"o":{"x":0.167,"y":0.167},"t":0,"s":[46.5,70,0],"to":[40.167,0,0],"ti":[-40.167,0,0]},{"t":49,"s":[287.5,70,0]}],"ix":2,"l":2},"a":{"a":0,"k":[287.5,70,0],"ix":1,"l":2},"s":{"a":1,"k":[{"i":{"x":[0.833,0.833,0.833],"y":[0.833,0.833,0.833]},"o":{"x":[0.167,0.167,0.167],"y":[0.167,0.167,0.167]},"t":0,"s":[9.971,100,100]},{"t":48,"s":[100,100,100]}],"ix":6,"l":2}},"ao":0,"shapes":[{"ty":"gr","it":[{"ind":0,"ty":"sh","ix":1,"ks":{"a":0,"k":{"i":[[0,0],[0,0],[-1.74,0],[0,2.024],[2.024,0],[0.185,-1.85],[0,0]],"o":[[0,0],[0.374,1.627],[2.024,0],[0,-2.024],[-1.899,0],[0,0],[0,0]],"v":[[-145.18,0.821],[137.952,0.821],[141.516,3.664],[145.18,0],[141.516,-3.664],[137.889,-0.364],[-144.592,-0.364]],"c":true},"ix":2},"nm":"Trazado 1","mn":"ADBE Vector Shape - Group","hd":false},{"ty":"gf","o":{"a":0,"k":100,"ix":10},"r":1,"bm":0,"g":{"p":3,"k":{"a":0,"k":[0.002,0.329,0.808,1,0.501,0.329,0.808,1,1,0.329,0.808,1,0,0.5,0.5,0.75,1,1],"ix":9}},"s":{"a":0,"k":[0,0],"ix":5},"e":{"a":0,"k":[100,0],"ix":6},"t":1,"nm":"Relleno de degradado 1","mn":"ADBE Vector Graphic - G-Fill","hd":false},{"ty":"tr","p":{"a":0,"k":[163.979,61.762],"ix":2},"a":{"a":0,"k":[0,0],"ix":1},"s":{"a":0,"k":[100,100],"ix":3},"r":{"a":0,"k":0,"ix":6},"o":{"a":0,"k":100,"ix":7},"sk":{"a":0,"k":0,"ix":4},"sa":{"a":0,"k":0,"ix":5},"nm":"Transformar"}],"nm":"Grupo 1","np":2,"cix":2,"bm":0,"ix":1,"mn":"ADBE Vector Group","hd":false}],"ip":0,"op":750,"st":0,"bm":0},{"ddd":0,"ind":2,"ty":4,"nm":"Capa 2/lineas 1 contornos","sr":1,"ks":{"o":{"a":1,"k":[{"i":{"x":[0.833],"y":[0.833]},"o":{"x":[0.167],"y":[0.167]},"t":0,"s":[0]},{"t":48,"s":[100]}],"ix":11},"r":{"a":0,"k":0,"ix":10},"p":{"a":1,"k":[{"i":{"x":0.833,"y":0.833},"o":{"x":0.167,"y":0.167},"t":0,"s":[51,70,0],"to":[39.417,0,0],"ti":[-39.417,0,0]},{"t":48,"s":[287.5,70,0]}],"ix":2,"l":2},"a":{"a":0,"k":[287.5,70,0],"ix":1,"l":2},"s":{"a":1,"k":[{"i":{"x":[0.833,0.833,0.833],"y":[0.833,0.833,0.833]},"o":{"x":[0.167,0.167,0.167],"y":[0.167,0.167,0.167]},"t":0,"s":[11.667,100,100]},{"t":48,"s":[100,100,100]}],"ix":6,"l":2}},"ao":0,"shapes":[{"ty":"gr","it":[{"ind":0,"ty":"sh","ix":1,"ks":{"a":0,"k":{"i":[[2.023,0],[0.185,-1.85],[0,0],[0,0],[0.325,0],[0,0],[0,0],[0,0],[0,0],[-0.325,0],[0,0],[-1.74,0],[0,2.024]],"o":[[-1.899,0],[0,0],[0,0],[-0.002,-0.325],[0,0],[0,0],[0,0],[0,0],[0.002,0.326],[0,0],[0.374,1.627],[2.023,0],[0,-2.023]],"v":[[268.243,5.291],[264.615,8.591],[36.134,8.591],[35.975,-12.032],[35.383,-12.62],[-271.907,-12.62],[-271.907,-11.435],[34.795,-11.435],[34.953,9.188],[35.546,9.776],[264.679,9.776],[268.243,12.62],[271.907,8.955]],"c":true},"ix":2},"nm":"Trazado 1","mn":"ADBE Vector Shape - Group","hd":false},{"ty":"gf","o":{"a":0,"k":100,"ix":10},"r":1,"bm":0,"g":{"p":3,"k":{"a":0,"k":[0.002,0.329,0.808,1,0.501,0.329,0.808,1,1,0.329,0.808,1,0,0.5,0.5,0.75,1,1],"ix":9}},"s":{"a":0,"k":[0,0],"ix":5},"e":{"a":0,"k":[100,0],"ix":6},"t":1,"nm":"Relleno de degradado 1","mn":"ADBE Vector Graphic - G-Fill","hd":false},{"ty":"tr","p":{"a":0,"k":[291.253,25.807],"ix":2},"a":{"a":0,"k":[0,0],"ix":1},"s":{"a":0,"k":[100,100],"ix":3},"r":{"a":0,"k":0,"ix":6},"o":{"a":0,"k":100,"ix":7},"sk":{"a":0,"k":0,"ix":4},"sa":{"a":0,"k":0,"ix":5},"nm":"Transformar"}],"nm":"Grupo 1","np":2,"cix":2,"bm":0,"ix":1,"mn":"ADBE Vector Group","hd":false}],"ip":0,"op":750,"st":0,"bm":0},{"ddd":0,"ind":3,"ty":4,"nm":"Capa 1/lineas 1 contornos","sr":1,"ks":{"o":{"a":1,"k":[{"i":{"x":[0.833],"y":[0.833]},"o":{"x":[0.167],"y":[0.167]},"t":0,"s":[0]},{"t":49,"s":[100]}],"ix":11},"r":{"a":0,"k":0,"ix":10},"p":{"a":1,"k":[{"i":{"x":0.833,"y":0.833},"o":{"x":0.167,"y":0.167},"t":0,"s":[64,70,0],"to":[37.25,0,0],"ti":[-37.25,0,0]},{"t":49,"s":[287.5,70,0]}],"ix":2,"l":2},"a":{"a":0,"k":[287.5,70,0],"ix":1,"l":2},"s":{"a":1,"k":[{"i":{"x":[0.833,0.833,0.833],"y":[0.833,0.833,0.833]},"o":{"x":[0.167,0.167,0.167],"y":[0.167,0.167,0.167]},"t":0,"s":[16.488,100,100]},{"t":49,"s":[100,100,100]}],"ix":6,"l":2}},"ao":0,"shapes":[{"ty":"gr","it":[{"ind":0,"ty":"sh","ix":1,"ks":{"a":0,"k":{"i":[[2.024,0],[0.186,-1.85],[0,0],[0,0],[0.326,0],[0,0],[0,0],[0,0],[0,0],[-0.326,0],[0,0],[-1.74,0],[0,2.023]],"o":[[-1.899,0],[0,0],[0,0],[-0.002,-0.325],[0,0],[0,0],[0,0],[0,0],[0.002,0.326],[0,0],[0.374,1.627],[2.024,0],[0,-2.024]],"v":[[198.067,5.29],[194.439,8.592],[-32.942,8.592],[-33.101,-12.032],[-33.694,-12.62],[-201.732,-12.62],[-201.732,-11.435],[-34.282,-11.435],[-34.123,9.189],[-33.53,9.777],[194.503,9.777],[198.067,12.62],[201.732,8.956]],"c":true},"ix":2},"nm":"Trazado 1","mn":"ADBE Vector Shape - Group","hd":false},{"ty":"gf","o":{"a":0,"k":100,"ix":10},"r":1,"bm":0,"g":{"p":3,"k":{"a":0,"k":[0.002,0.329,0.808,1,0.501,0.329,0.808,1,1,0.329,0.808,1,0,0.5,0.5,0.75,1,1],"ix":9}},"s":{"a":0,"k":[0,0],"ix":5},"e":{"a":0,"k":[100,0],"ix":6},"t":1,"nm":"Relleno de degradado 1","mn":"ADBE Vector Graphic - G-Fill","hd":false},{"ty":"tr","p":{"a":0,"k":[221.077,112.778],"ix":2},"a":{"a":0,"k":[0,0],"ix":1},"s":{"a":0,"k":[100,100],"ix":3},"r":{"a":0,"k":0,"ix":6},"o":{"a":0,"k":100,"ix":7},"sk":{"a":0,"k":0,"ix":4},"sa":{"a":0,"k":0,"ix":5},"nm":"Transformar"}],"nm":"Grupo 1","np":2,"cix":2,"bm":0,"ix":1,"mn":"ADBE Vector Group","hd":false}],"ip":0,"op":750,"st":0,"bm":0}],"markers":[]}